StateAbbr,counties,mean_residual,mean_absolute_residual
DC,1,-2.269124,2.269124
NM,33,-2.148782,2.148782
NV,17,1.151382,1.177225
MN,87,-1.140216,1.140216
GA,159,1.104083,1.120845
ND,53,-1.105458,1.115679
NJ,21,1.106104,1.106104
NC,100,-0.971454,1.009853
IA,99,0.960643,0.960643
MA,14,-0.799609,0.931445
WI,72,-0.915943,0.927823
RI,5,-0.927426,0.927426
DE,3,-0.478087,0.884959
MI,83,-0.762498,0.827670
AZ,15,-0.198452,0.788628
HI,5,-0.304589,0.773868
WV,55,0.750282,0.752337
KS,105,0.685015,0.713673
LA,64,-0.575113,0.688401
AL,67,-0.608915,0.668565
MD,24,-0.306721,0.660579
SC,46,-0.577978,0.641976
ID,44,-0.255791,0.613960
MS,82,0.346452,0.602118
UT,29,-0.253749,0.592359
AR,75,0.514744,0.591052
NY,62,0.282854,0.587842
OK,77,-0.502504,0.562401
MT,56,0.426105,0.559289
IN,92,0.493233,0.552776
NH,10,-0.420487,0.534897
ME,16,-0.421276,0.534826
VA,133,0.106398,0.531311
IL,102,0.428343,0.499667
MO,115,0.381889,0.478927
NE,93,-0.395068,0.473944
OH,88,0.280781,0.462319
AK,30,0.120954,0.448189
CA,58,0.111023,0.422233
CT,9,-0.232293,0.353848
