StateAbbr,counties,MAE,MSE,RMSE,Model
NM,33,2.148782,5.236791,2.288404,Combined
DC,1,2.269124,5.148922,2.269124,Combined
NV,17,1.177225,1.710379,1.307815,Combined
GA,159,1.120845,1.584298,1.258689,Combined
MN,87,1.140216,1.520234,1.232978,Combined
ND,53,1.115679,1.460887,1.208671,Combined
NJ,21,1.106104,1.407572,1.186411,Combined
NC,100,1.009853,1.221675,1.105294,Combined
RI,5,0.927426,1.115762,1.056296,Combined
MA,14,0.931445,1.090136,1.044096,Combined
WI,72,0.927823,1.082703,1.040530,Combined
IA,99,0.960643,1.023283,1.011575,Combined
DE,3,0.884959,0.980228,0.990065,Combined
MI,83,0.827670,0.924501,0.961510,Combined
HI,5,0.773868,0.920899,0.959635,Combined
AZ,15,0.788628,0.871746,0.933673,Combined
AL,67,0.668565,0.807495,0.898607,Combined
ID,44,0.613960,0.748468,0.865141,Combined
LA,64,0.688401,0.739158,0.859743,Combined
WV,55,0.752337,0.728868,0.853738,Combined
KS,105,0.713673,0.704139,0.839130,Combined
MD,24,0.660579,0.685834,0.828151,Combined
SC,46,0.641976,0.607908,0.779685,Combined
VA,133,0.531311,0.572209,0.756445,Combined
MT,56,0.559289,0.569595,0.754715,Combined
MS,82,0.602118,0.564086,0.751057,Combined
NY,62,0.587842,0.554265,0.744490,Combined
ME,16,0.534826,0.536449,0.732427,Combined
AR,75,0.591052,0.516294,0.718536,Combined
UT,29,0.592359,0.468702,0.684618,Combined
OK,77,0.562401,0.457018,0.676031,Combined
IN,92,0.552776,0.423500,0.650769,Combined
NH,10,0.534897,0.380190,0.616596,Combined
MO,115,0.478927,0.331053,0.575372,Combined
OH,88,0.462319,0.330330,0.574744,Combined
IL,102,0.499667,0.329854,0.574329,Combined
AK,30,0.448189,0.329080,0.573655,Combined
CA,58,0.422233,0.308070,0.555041,Combined
NE,93,0.473944,0.306619,0.553732,Combined
CT,9,0.353848,0.196636,0.443436,Combined
GA,159,2.415822,7.134881,2.671120,Depression only
MS,82,2.280010,6.548009,2.558908,Depression only
ND,53,2.403341,6.363039,2.522506,Depression only
DC,1,2.484561,6.173043,2.484561,Depression only
AK,30,1.559415,5.423384,2.328816,Depression only
RI,5,2.182431,5.413401,2.326672,Depression only
MN,87,2.209686,5.288155,2.299599,Depression only
NM,33,1.551225,3.871887,1.967711,Depression only
WI,72,1.779437,3.656681,1.912245,Depression only
NH,10,1.799079,3.568226,1.888975,Depression only
MA,14,1.580766,3.317287,1.821342,Depression only
LA,64,1.504509,3.304460,1.817817,Depression only
NV,17,1.625757,3.030007,1.740692,Depression only
UT,29,1.485827,2.860891,1.691417,Depression only
AZ,15,1.132562,2.729028,1.651977,Depression only
AR,75,1.325843,2.557839,1.599325,Depression only
NE,93,1.483192,2.465581,1.570217,Depression only
NC,100,1.242582,2.334701,1.527973,Depression only
MT,56,1.169066,2.262901,1.504294,Depression only
WV,55,1.309023,2.256352,1.502116,Depression only
MI,83,1.257647,2.246588,1.498862,Depression only
DE,3,1.307632,2.216361,1.488745,Depression only
MD,24,1.172705,2.071094,1.439130,Depression only
VA,133,1.139969,2.068869,1.438356,Depression only
SC,46,1.148590,1.985271,1.408997,Depression only
CA,58,1.128053,1.924881,1.387401,Depression only
ID,44,1.064220,1.885840,1.373259,Depression only
ME,16,1.036318,1.855541,1.362182,Depression only
AL,67,0.941625,1.711067,1.308077,Depression only
NJ,21,1.033033,1.577724,1.256075,Depression only
CT,9,0.728017,1.040457,1.020028,Depression only
OK,77,0.738435,0.865413,0.930276,Depression only
OH,88,0.640689,0.749223,0.865577,Depression only
KS,105,0.583861,0.611842,0.782203,Depression only
IN,92,0.590382,0.609419,0.780653,Depression only
MO,115,0.593732,0.588499,0.767137,Depression only
IL,102,0.607359,0.580944,0.762197,Depression only
NY,62,0.603169,0.564434,0.751288,Depression only
IA,99,0.395598,0.264257,0.514060,Depression only
HI,5,0.260650,0.106515,0.326366,Depression only
WV,55,3.461925,12.307113,3.508149,Financial hardship only
HI,5,2.694116,8.635192,2.938570,Financial hardship only
NM,33,2.507645,7.781439,2.789523,Financial hardship only
DC,1,2.705508,7.319774,2.705508,Financial hardship only
NE,93,2.543952,6.801424,2.607954,Financial hardship only
ND,53,2.094830,4.931415,2.220679,Financial hardship only
AZ,15,1.563820,3.848514,1.961763,Financial hardship only
MS,82,1.417470,3.110133,1.763557,Financial hardship only
IN,92,1.632258,3.061411,1.749689,Financial hardship only
OH,88,1.553256,3.027751,1.740043,Financial hardship only
NJ,21,1.510937,2.894908,1.701443,Financial hardship only
MD,24,1.243185,2.748475,1.657852,Financial hardship only
AK,30,1.307650,2.734521,1.653639,Financial hardship only
DE,3,1.331894,2.367042,1.538519,Financial hardship only
NY,62,1.001135,2.181116,1.476860,Financial hardship only
AR,75,1.280432,2.163206,1.470784,Financial hardship only
ME,16,1.219685,2.094215,1.447140,Financial hardship only
UT,29,1.228936,2.037671,1.427470,Financial hardship only
MO,115,1.267438,1.930242,1.389331,Financial hardship only
LA,64,1.151588,1.772795,1.331464,Financial hardship only
SC,46,1.081369,1.764050,1.328176,Financial hardship only
VA,133,0.977860,1.742105,1.319888,Financial hardship only
AL,67,0.997206,1.714524,1.309398,Financial hardship only
ID,44,0.901173,1.695484,1.302107,Financial hardship only
CT,9,1.064527,1.614051,1.270453,Financial hardship only
MT,56,0.947142,1.513164,1.230107,Financial hardship only
MI,83,0.918417,1.302782,1.141395,Financial hardship only
GA,159,0.867529,1.198620,1.094815,Financial hardship only
MA,14,0.956534,1.140038,1.067726,Financial hardship only
CA,58,0.807390,1.105474,1.051415,Financial hardship only
WI,72,0.841417,1.029826,1.014803,Financial hardship only
NV,17,0.925265,0.988375,0.994171,Financial hardship only
MN,87,0.824715,0.937502,0.968247,Financial hardship only
NC,100,0.746276,0.899044,0.948179,Financial hardship only
RI,5,0.761171,0.888974,0.942854,Financial hardship only
NH,10,0.611058,0.693114,0.832535,Financial hardship only
OK,77,0.616829,0.615149,0.784315,Financial hardship only
KS,105,0.601006,0.610728,0.781491,Financial hardship only
IL,102,0.564168,0.546446,0.739220,Financial hardship only
IA,99,0.340575,0.216367,0.465153,Financial hardship only
